{"cameraMode":{"drawMode":0,"name":"Shaded","section":"Shading Mode"},"sceneLighting":false,"audioPlay":false,"sceneViewState":{"m_AlwaysRefresh":false,"showFog":true,"showSkybox":false,"showFlares":true,"showImageEffects":true,"showParticleSystems":true,"showVisualEffectGraphs":true,"m_FxEnabled":true},"in2DMode":false,"pivot":{"x":0.7718278169631958,"y":-0.10910583287477493,"z":1.0677266120910645},"rotation":{"x":-0.012001799419522286,"y":0.013499190099537373,"z":0.000027651654818328097,"w":0.9999071359634399},"size":5.4585442543029789,"orthographic":false}