{"cameraMode":{"drawMode":0,"name":"Shaded","section":"Shading Mode"},"sceneLighting":false,"audioPlay":false,"sceneViewState":{"m_AlwaysRefresh":false,"showFog":true,"showSkybox":false,"showFlares":true,"showImageEffects":true,"showParticleSystems":true,"showVisualEffectGraphs":true,"m_FxEnabled":true},"in2DMode":false,"pivot":{"x":0.07431864738464356,"y":0.10766208171844483,"z":-3.5762786865234377e-7},"rotation":{"x":0.011457550339400769,"y":0.9051492214202881,"z":-0.02444474957883358,"w":0.42424383759498598},"size":4.184242248535156,"orthographic":true}