{"cameraMode":{"drawMode":0,"name":"Shaded","section":"Shading Mode"},"sceneLighting":false,"audioPlay":false,"sceneViewState":{"m_AlwaysRefresh":false,"showFog":true,"showSkybox":false,"showFlares":true,"showImageEffects":true,"showParticleSystems":true,"showVisualEffectGraphs":true,"m_FxEnabled":true},"in2DMode":false,"pivot":{"x":0.005280673503875732,"y":0.06486958265304566,"z":-0.0015321969985961915},"rotation":{"x":-0.2134823501110077,"y":0.3930869698524475,"z":-0.0942043736577034,"w":-0.8894709944725037},"size":1.1551835536956788,"orthographic":false}