{"cameraMode":{"drawMode":0,"name":"Shaded","section":"Shading Mode"},"sceneLighting":false,"audioPlay":false,"sceneViewState":{"m_AlwaysRefresh":false,"showFog":true,"showSkybox":false,"showFlares":true,"showImageEffects":true,"showParticleSystems":true,"showVisualEffectGraphs":true,"m_FxEnabled":true},"in2DMode":false,"pivot":{"x":0.0437169075012207,"y":0.06333059072494507,"z":-2.384185791015625e-7},"rotation":{"x":0.16358843445777894,"y":-0.5451433658599854,"z":0.10926301032304764,"w":0.8150205612182617},"size":2.4613189697265627,"orthographic":false}