{"cameraMode":{"drawMode":0,"name":"Shaded","section":"Shading Mode"},"sceneLighting":false,"audioPlay":false,"sceneViewState":{"m_AlwaysRefresh":false,"showFog":true,"showSkybox":false,"showFlares":true,"showImageEffects":true,"showParticleSystems":true,"showVisualEffectGraphs":true,"m_FxEnabled":true},"in2DMode":false,"pivot":{"x":-1.2701137065887452,"y":-0.18097877502441407,"z":-0.0000019073486328125},"rotation":{"x":0.011457550339400769,"y":0.9051492214202881,"z":-0.02444474957883358,"w":0.42424383759498598},"size":9.279524803161621,"orthographic":true}