{"cameraMode":{"drawMode":0,"name":"Shaded","section":"Shading Mode"},"sceneLighting":false,"audioPlay":false,"sceneViewState":{"m_AlwaysRefresh":false,"showFog":true,"showSkybox":false,"showFlares":true,"showImageEffects":true,"showParticleSystems":true,"showVisualEffectGraphs":true,"m_FxEnabled":true},"in2DMode":false,"pivot":{"x":1289.10888671875,"y":536.74658203125,"z":159.49050903320313},"rotation":{"x":-0.00006210210995050147,"y":-0.9999361634254456,"z":-0.0089996587485075,"w":0.0068978117778897289},"size":81.58881378173828,"orthographic":true}